{"_timestamp":1.7364233324032187e+09,"_runtime":5.6947654,"_step":199,"_wandb":{"runtime":6},"train_loss":0.11512674391269684,"train_accuracy":1}