{"train_loss":0.17372183501720428,"train_accuracy":0.9375,"_timestamp":1.736422889775336e+09,"_runtime":33.1442707,"_step":2813,"_wandb":{"runtime":33}}